"Name (Last, First, Middle Initial)",Job Title,Work E-mail,Work Telephone number
"Bevan, Aimee A.",Project Management Specialist,abevan@ga.internal.gmips.gov,555-7340
"Bulters, Samet H.",Network Security Engineer,sbulters@ga.internal.gmips.gov,555-1532
"Calabrese, Crispino C.",Project Management Specialist,ccalabrese@ga.internal.gmips.gov,555-2244
"Cardwell, Francisco S.",Project Management Specialist,fcardwell@ga.internal.gmips.gov,555-0189
"Cooke, Samantha G.",Executive Assistant,scooke@ga.internal.gmips.gov,555-5382
"Corbin, Beaufort Z.",Executive Assistant,bcorbin@ga.internal.gmips.gov,555-4151
"Dekker, Justini H.",Finance Specialist,jdekker@ga.internal.gmips.gov,555-5189
"Docherti, Kobe",Project Management Specialist,kdocherti@ga.internal.gmips.gov,555-6820
"Fenstermacher, Luca T.",Project Management Specialist,lfenstermacher@ga.internal.gmips.gov,555-3696
"Garzo, Andrew P.",Project Management Specialist,agarzo@ga.internal.gmips.gov,555-3422
"Gray, Hayden H.",Inventory Control Specialist,hgray@ga.internal.gmips.gov,555-8657
"Iadanza, Lelia D.",Inventory Control Specialist,liadanza@ga.internal.gmips.gov,555-8773
"Ingolfsson, Orri",Network Security Manager,oingolfsson@ga.internal.gmips.gov,555-4492
"Looijenga, Maron N.",Inventory Control Specialist,mlooijenga@ga.internal.gmips.gov,555-7682
"Munro, Shane I.",Help Desk Technician,smunro@ga.internal.gmips.gov,555-2975
"Nagel, Markus M.",Inventory Control Specialist,mnagel@ga.internal.gmips.gov,555-6631
"Nas, Fimme Q.",Inventory Control Specialist,fnas@ga.internal.gmips.gov,555-7252
"Nash, Charile M.",Inventory Control Specialist,cnash@ga.internal.gmips.gov,555-4926
"Nevzorov, Roland F.",Infrastructure Architect,rnevzorov@ga.internal.gmips.gov,555-5309
"Pellerin, Durandana R.",Project Management Specialist,dpellerin@ga.internal.gmips.gov,555-5824
"Siciliano, Ignazio V.",Financial Analyst,iiciliano@ga.internal.gmips.gov,555-4845
"Smyth, Toki H.",Project Management Specialist,tsmyth@ga.internal.gmips.gov,555-1383
"Tachel, Xavierre",Financial Analyst,xtachel@ga.internal.gmips.gov,555-6576
"Tahara, Kyoumi",Financial Analyst,ktahara@ga.internal.gmips.gov,555-0343
"Traugott, Matthias Y.",Application Support Engineer,mtraugott@ga.internal.gmips.gov,555-1484
"Tsutsumi, Maki",Network Security Engineer,mtsutsumi@ga.internal.gmips.gov,555-4405
"Ulyanova, Cleo C.",Network Security Engineer,culyanova@ga.internal.gmips.gov,555-8544
